{
  "analysis": {
    "char_filter": {
      "digits-charfilter": {
        "type": "pattern_replace",
        "pattern": "[^\\d]",
        "replacement": ""
      }
    },
    "filter": {
      "phonetic-filter": {
        "type": "phonetic",
        "replace": "true",
        "encoder": "doublemetaphone"
      },
      "nickname-filter": {
        "type": "synonym",
        "synonyms_path": "analysis/namevariants.txt"
      },
      "onetoken-filter": {
        "type": "limit",
        "max_token_count": 1
      }
    },
    "tokenizer": {
      "3to6alphanum_edgeNGram": {
        "type": "edgeNGram",
        "min_gram": "3",
        "max_gram": "6",
        "token_chars": [
          "letter",
          "digit"
        ]
      }
    },
    "analyzer": {
      "lowkeyword-analyzer": {
        "type": "custom",
        "tokenizer": "keyword",
        "filter": [
          "lowercase"
        ]
      },
      "rootname-analyzer": {
        "type": "custom",
        "filter": [
          "standard",
          "onetoken-filter",
          "lowercase",
          "nickname-filter"
        ],
        "tokenizer": "whitespace"
      },
      "phonetic-analyzer": {
        "type": "custom",
        "filter": [
          "standard",
          "lowercase",
          "phonetic-filter"
        ],
        "tokenizer": "whitespace"
      },
      "name-prefix-analyzer": {
        "type": "custom",
        "filter": [
          "standard",
          "lowercase"
        ],
        "tokenizer": "3to6alphanum_edgeNGram"
      },
      "digits-only-analyzer": {
        "type": "custom",
        "char_filter": [
          "digits-charfilter"
        ],
        "filter": [
          "standard"
        ],
        "tokenizer": "standard"
      }
    }
  }
}
