{
  "dynamic": "strict",
  "properties": {
    "personId": {
      "type": "keyword",
      "doc_values": true
    },
    "addressId": {
      "type": "keyword",
      "doc_values": true
    },
    "addressCoordinates": {
      "type": "geo_point",
      "doc_values": true
    },
    "dateCreated": {
      "type": "date",
      "doc_values": true
    },
    "dateModified": {
      "type": "date",
      "doc_values": true
    },
    "firstName": {
      "type": "text",
      "fields": {
        "lowercase": {
          "type": "text",
          "analyzer": "standard"
        },
        "phonetic": {
          "type": "text",
          "analyzer": "phonetic-analyzer"
        },
        "rootname": {
          "type": "text",
          "analyzer": "rootname-analyzer"
        },
        "prefix": {
          "type": "text",
          "analyzer": "name-prefix-analyzer"
        }
      }
    },
    "middleName": {
      "type": "keyword",
      "doc_values": true
    },
    "lastName": {
      "type": "text",
      "fields": {
        "lowercase": {
          "type": "text",
          "analyzer": "standard"
        },
        "phonetic": {
          "type": "text",
          "analyzer": "phonetic-analyzer"
        },
        "prefix": {
          "type": "text",
          "analyzer": "name-prefix-analyzer"
        }
      }
    },
    "dateOfBirth": {
      "type": "date",
      "doc_values": true
    },
    "sourceAge": {
      "type": "integer",
      "doc_values": true
    },
    "dateSourceAgeReceived": {
      "type": "date",
      "doc_values": true
    },
    "sex": {
      "type": "keyword",
      "doc_values": true
    },
    "financialClass": {
      "type": "keyword",
      "doc_values": true
    },
    "payerType": {
      "type": "keyword",
      "doc_values": true
    },
    "inferredPayerType": {
      "type": "keyword",
      "doc_values": true
    },
    "maritalStatus": {
      "type": "keyword",
      "doc_values": true
    },
    "race": {
      "type": "keyword",
      "doc_values": true
    },
    "religion": {
      "type": "keyword",
      "doc_values": true
    },
    "isoLanguageCode": {
      "type": "keyword",
      "doc_values": true
    },
    "isoLanguageDesc": {
      "type": "keyword",
      "doc_values": true
    },
    "occupation": {
      "type": "keyword"
    },
    "occupationGroup": {
      "type": "keyword"
    },
    "primaryPhoneNumber": {
      "type": "text",
      "analyzer": "digits-only-analyzer"
    },
    "primaryPhoneNumberType": {
      "type": "keyword"
    },
    "phoneNumbers": {
      "type": "nested",
      "properties": {
        "phone": {
          "type": "keyword",
          "doc_values": true
        },
        "phoneType": {
          "type": "keyword",
          "doc_values": true
        }
      }
    },
    "primaryEmail": {
      "type": "keyword",
      "doc_values": true
    },
    "emails": {
      "type": "text"
    },
    "householdIncome": {
      "type": "keyword",
      "doc_values": true
    },
    "lengthOfResidence": {
      "type": "keyword",
      "doc_values": true
    },
    "estimatedHomeValue": {
      "type": "keyword"
    },
    "hasDonatedToCharity": {
      "type": "boolean",
      "doc_values": true
    },
    "mosaicZip4": {
      "type": "keyword"
    },
    "mosaicGlobalZip4": {
      "type": "keyword"
    },
    "householdComposition": {
      "type": "keyword",
      "doc_values": true
    },
    "isChildPresent": {
      "type": "boolean",
      "doc_values": true
    },
    "hasChildZeroToThree": {
      "type": "boolean",
      "doc_values": true
    },
    "hasChildFourToSix": {
      "type": "boolean",
      "doc_values": true
    },
    "hasChildSevenToNine": {
      "type": "boolean",
      "doc_values": true
    },
    "hasChildTenToTwelve": {
      "type": "boolean",
      "doc_values": true
    },
    "hasChildThirteenToFifteen": {
      "type": "boolean",
      "doc_values": true
    },
    "hasChildSixteenToEighteen": {
      "type": "boolean",
      "doc_values": true
    },
    "wealthRating": {
      "type": "keyword",
      "doc_values": true
    },
    "education": {
      "type": "keyword",
      "doc_values": true
    },
    "addressType": {
      "type": "keyword",
      "doc_values": true
    },
    "isValidAddress": {
      "type": "boolean",
      "doc_values": true
    },
    "address1": {
      "type": "text"
    },
    "address2": {
      "type": "text"
    },
    "city": {
      "type": "text",
      "analyzer": "lowkeyword-analyzer"
    },
    "state": {
      "type": "keyword",
      "doc_values": true
    },
    "zip5": {
      "type": "keyword",
      "doc_values": true
    },
    "zip4": {
      "type": "keyword",
      "doc_values": true
    },
    "county": {
      "type": "keyword"
    },
    "deliveryPointCode": {
      "type": "integer",
      "doc_values": true
    },
    "coreBasedStatisticalArea": {
      "type": "keyword",
      "doc_values": true
    },
    "coreBasedStatisticalAreaType": {
      "type": "keyword"
    },
    "censusBlock": {
      "type": "keyword"
    },
    "censusTract": {
      "type": "keyword"
    },
    "countyCode": {
      "type": "keyword"
    },
    "metropolitanStatisticalArea": {
      "type": "keyword"
    },
    "addressPreference": {
      "type": "integer",
      "doc_values": true
    },
    "locations": {
      "type": "nested",
      "properties": {
        "location": {
          "type": "keyword",
          "doc_values": true
        },
        "preference": {
          "type": "integer",
          "doc_values": true
        }
      }
    },
    "isOptedOutDirectMail": {
      "type": "boolean",
      "doc_values": true
    },
    "isOptedOutCall": {
      "type": "boolean",
      "doc_values": true
    },
    "isOptedOutEmail": {
      "type": "boolean",
      "doc_values": true
    },
    "isOptedOutText": {
      "type": "boolean",
      "doc_values": true
    },
    "doNotSolicit": {
      "type": "boolean",
      "doc_values": true
    },
    "primaryCarePhysicianId": {
      "type": "integer",
      "doc_values": true
    },
    "hasPrimaryCarePhysician": {
      "type": "boolean",
      "doc_values": true
    },
    "isHealthSystemEmployee": {
      "type": "boolean",
      "doc_values": true
    },
    "beehiveCluster": {
      "type": "integer",
      "doc_values": true
    },
    "personalURL": {
      "type": "keyword",
      "doc_values": true
    },
    "personType": {
      "type": "keyword",
      "doc_values": true
    },
    "activities": {
      "type": "nested",
      "properties": {
        "activityId": {
          "type": "keyword"
        },
        "batchId": {
          "type": "keyword"
        },
        "sourceRecordId": {
          "type": "keyword"
        },
        "source": {
          "type": "keyword"
        },
        "sourceType": {
          "type": "keyword"
        },
        "sourceName": {
          "type": "keyword"
        },
        "dateCreated": {
          "type": "date",
          "doc_values": true
        },
        "locationDesc": {
          "type": "keyword",
          "doc_values": true
        },
        "hospital": {
          "type": "text"
        },
        "businessUnit": {
          "type": "text"
        },
        "site": {
          "type": "text"
        },
        "clinic": {
          "type": "text"
        },
        "practiceLocation": {
          "type": "text"
        },
        "facility": {
          "type": "text"
        },
        "isErPatient": {
          "type": "boolean",
          "doc_values": true
        },
        "financialClass": {
          "type": "text"
        },
        "patientType": {
          "type": "keyword",
          "doc_values": true
        },
        "insurance": {
          "type": "text"
        },
        "admitDate": {
          "type": "date",
          "doc_values": true
        },
        "dischargeDate": {
          "type": "date",
          "doc_values": true
        },
        "dischargeStatus": {
          "type": "keyword"
        },
        "charges": {
          "type": "scaled_float",
          "scaling_factor": 100
        },
        "contributionMargin": {
          "type": "scaled_float",
          "scaling_factor": 100
        },
        "cost": {
          "type": "scaled_float",
          "scaling_factor": 100
        },
        "grossMargin": {
          "type": "scaled_float",
          "scaling_factor": 100
        },
        "profit": {
          "type": "scaled_float",
          "scaling_factor": 100
        },
        "activityType": {
          "type": "text"
        },
        "zip5": {
          "type": "keyword"
        },
        "reason": {
          "type": "text"
        },
        "currentProceduralTerminologyCodes": {
          "type": "nested",
          "properties": {
            "medicalCode": {
              "type": "keyword"
            },
            "medicalCodeType": {
              "type": "keyword"
            },
            "sequenceNumber": {
              "type": "integer"
            }
          }
        },
        "procedureCodes": {
          "type": "nested",
          "properties": {
            "medicalCode": {
              "type": "keyword"
            },
            "medicalCodeType": {
              "type": "keyword"
            },
            "sequenceNumber": {
              "type": "integer"
            }
          }
        },
        "diagnosisCodes": {
          "type": "nested",
          "properties": {
            "medicalCode": {
              "type": "keyword"
            },
            "medicalCodeType": {
              "type": "keyword"
            },
            "sequenceNumber": {
              "type": "integer"
            }
          }
        },
        "medicalSeverityDiagnosisRelatedGroup": {
          "type": "text"
        },
        "careGroupCode": {
          "type": "text"
        },
        "careGroupDescription": {
          "type": "text"
        },
        "serviceLineGroup": {
          "type": "text"
        },
        "careFamily": {
          "type": "keyword"
        },
        "procedure": {
          "type": "text"
        },
        "procedureGroup": {
          "type": "text"
        },
        "mentalHealthConditions": {
          "type": "text"
        },
        "addictionAdult": {
          "type": "text"
        },
        "behavioralHealthConditionsAdult": {
          "type": "text"
        },
        "diabetesAdult": {
          "type": "text"
        },
        "cardiacDiseaseAdult": {
          "type": "text"
        },
        "pulmonaryDiseaseAdult": {
          "type": "text"
        },
        "adultChronicConditionsCount": {
          "type": "text"
        },
        "asthmaPediatric": {
          "type": "text"
        },
        "behavioralHealthConditionsPediatric": {
          "type": "text"
        },
        "complexCardiacConditionsPediatric": {
          "type": "text"
        },
        "pediatricComplexConditionsCount": {
          "type": "text"
        },
        "trauma": {
          "type": "text"
        },
        "procedureGroupCategory": {
          "type": "text"
        },
        "sportsMedicine": {
          "type": "text"
        },
        "painServices": {
          "type": "text"
        },
        "primaryCareAllAdults": {
          "type": "text"
        },
        "primaryCareGeriatrics": {
          "type": "text"
        },
        "primaryCarePediatrics": {
          "type": "text"
        },
        "providers": {
          "type": "nested",
          "properties": {
            "npi": {
              "type": "keyword",
              "doc_values": true
            },
            "type": {
              "type": "keyword",
              "doc_values": true
            }
          }
        }
      }
    },
    "serviceLinePropensityModel": {
      "type": "nested",
      "properties": {
        "allergyAndImmunology": {
          "type": "float"
        },
        "breastHealth": {
          "type": "float"
        },
        "burnsAndWounds": {
          "type": "float"
        },
        "cancer": {
          "type": "float"
        },
        "cardiology": {
          "type": "float"
        },
        "dermatology": {
          "type": "float"
        },
        "ent": {
          "type": "float"
        },
        "endocrine": {
          "type": "float"
        },
        "gastroenterology": {
          "type": "float"
        },
        "generalMedicine": {
          "type": "float"
        },
        "generalSurgery": {
          "type": "float"
        },
        "gynecology": {
          "type": "float"
        },
        "infectiousDisease": {
          "type": "float"
        },
        "neonatology": {
          "type": "float"
        },
        "nephrology": {
          "type": "float"
        },
        "neurosciences": {
          "type": "float"
        },
        "normalNewborn": {
          "type": "float"
        },
        "notAssigned": {
          "type": "float"
        },
        "obstetrics": {
          "type": "float"
        },
        "ophthalmology": {
          "type": "float"
        },
        "orthopedics": {
          "type": "float"
        },
        "psychiatry": {
          "type": "float"
        },
        "pulmonology": {
          "type": "float"
        },
        "rheumatology": {
          "type": "float"
        },
        "spine": {
          "type": "float"
        },
        "urology": {
          "type": "float"
        },
        "vascular": {
          "type": "float"
        }
      }
    },
    "lists": {
      "type": "nested",
      "properties": {
        "createdAt": {
          "type": "date",
          "doc_values": true
        },
        "id": {
          "type": "integer",
          "doc_values": true
        },
        "seg": {
          "type": "integer",
          "doc_values": true
        }
      }
    }
  }
}